open,high,low,close,volume,thscode,time,thsname_cn,thsname_en,currency
108.26,112.06,107.67,110.19,100872100.0,002594.SZ,20251009,比亚迪,NA,CNY
110.14,110.14,107.18,107.39,59010200.0,002594.SZ,20251010,比亚迪,NA,CNY
104.61,105.58,103.71,105.3,74442900.0,002594.SZ,20251013,比亚迪,NA,CNY
106.28,108.95,105.23,105.59,76778600.0,002594.SZ,20251014,比亚迪,NA,CNY
106.05,107.11,105.11,106.7,47579100.0,002594.SZ,20251015,比亚迪,NA,CNY
106.6,108.89,106.11,106.56,52309600.0,002594.SZ,20251016,比亚迪,NA,CNY
106.2,106.23,103.87,104.04,62572400.0,002594.SZ,20251017,比亚迪,NA,CNY
104.83,105.24,103.69,104.13,35561400.0,002594.SZ,20251020,比亚迪,NA,CNY
104.3,104.68,103.85,104.37,29907400.0,002594.SZ,20251021,比亚迪,NA,CNY
103.71,103.93,102.98,103.39,35787400.0,002594.SZ,20251022,比亚迪,NA,CNY
102.91,103.34,101.62,103.3,37860300.0,002594.SZ,20251023,比亚迪,NA,CNY
103.59,103.98,103.22,103.37,30554200.0,002594.SZ,20251024,比亚迪,NA,CNY
103.61,104.58,103.49,103.62,34598700.0,002594.SZ,20251027,比亚迪,NA,CNY
103.63,103.93,103.11,103.33,26541500.0,002594.SZ,20251028,比亚迪,NA,CNY
103.34,104.79,102.62,104.13,39734000.0,002594.SZ,20251029,比亚迪,NA,CNY
103.61,104.47,103.11,103.22,35898900.0,002594.SZ,20251030,比亚迪,NA,CNY
100.62,100.94,99.63,100.41,63705200.0,002594.SZ,20251031,比亚迪,NA,CNY
100.41,100.61,98.13,99.23,55167000.0,002594.SZ,20251103,比亚迪,NA,CNY
98.63,99.17,97.35,97.43,43501700.0,002594.SZ,20251104,比亚迪,NA,CNY
96.3,96.3,94.38,95.44,58721500.0,002594.SZ,20251105,比亚迪,NA,CNY
95.22,97.39,95.04,97.16,40200300.0,002594.SZ,20251106,比亚迪,NA,CNY
96.64,97.78,96.47,96.84,32256000.0,002594.SZ,20251107,比亚迪,NA,CNY
96.99,99.98,96.99,99.02,55487600.0,002594.SZ,20251110,比亚迪,NA,CNY
99.13,99.41,97.77,98.34,31985700.0,002594.SZ,20251111,比亚迪,NA,CNY
98.43,98.62,97.18,97.41,26064300.0,002594.SZ,20251112,比亚迪,NA,CNY
96.65,100.12,96.65,99.46,57999000.0,002594.SZ,20251113,比亚迪,NA,CNY
98.63,100.12,97.96,98.0,34298400.0,002594.SZ,20251114,比亚迪,NA,CNY
97.43,98.22,96.89,97.71,20724700.0,002594.SZ,20251117,比亚迪,NA,CNY
97.18,97.48,95.66,96.13,30475600.0,002594.SZ,20251118,比亚迪,NA,CNY
96.04,96.3,94.66,94.81,34829200.0,002594.SZ,20251119,比亚迪,NA,CNY
94.81,95.14,93.15,93.26,39181000.0,002594.SZ,20251120,比亚迪,NA,CNY
92.14,94.04,91.36,92.35,45171300.0,002594.SZ,20251121,比亚迪,NA,CNY
92.75,94.06,91.86,93.58,32730200.0,002594.SZ,20251124,比亚迪,NA,CNY
93.65,95.02,93.35,93.56,27748800.0,002594.SZ,20251125,比亚迪,NA,CNY
94.4,95.08,94.1,94.74,30657600.0,002594.SZ,20251126,比亚迪,NA,CNY
94.25,94.8,93.87,93.94,20227900.0,002594.SZ,20251127,比亚迪,NA,CNY
94.25,94.87,93.85,94.81,21935000.0,002594.SZ,20251128,比亚迪,NA,CNY
95.03,95.94,94.78,95.41,23371200.0,002594.SZ,20251201,比亚迪,NA,CNY
96.06,97.43,95.89,96.26,35921700.0,002594.SZ,20251202,比亚迪,NA,CNY
96.28,96.29,94.54,94.7,23157200.0,002594.SZ,20251203,比亚迪,NA,CNY
94.57,94.93,93.85,94.88,16614100.0,002594.SZ,20251204,比亚迪,NA,CNY
94.93,95.86,94.36,95.62,21161800.0,002594.SZ,20251205,比亚迪,NA,CNY
95.85,96.79,95.85,96.17,24780400.0,002594.SZ,20251208,比亚迪,NA,CNY
95.85,96.3,95.34,95.67,16322700.0,002594.SZ,20251209,比亚迪,NA,CNY
95.24,96.29,94.55,96.11,19840200.0,002594.SZ,20251210,比亚迪,NA,CNY
96.62,96.76,95.49,95.87,25090700.0,002594.SZ,20251211,比亚迪,NA,CNY
95.84,97.34,95.29,96.64,55462000.0,002594.SZ,20251212,比亚迪,NA,CNY
96.19,96.8,95.17,95.17,29330000.0,002594.SZ,20251215,比亚迪,NA,CNY
95.14,95.34,93.79,93.9,25876700.0,002594.SZ,20251216,比亚迪,NA,CNY
94.15,95.34,93.33,94.85,27282500.0,002594.SZ,20251217,比亚迪,NA,CNY
94.04,94.25,93.15,93.18,25279700.0,002594.SZ,20251218,比亚迪,NA,CNY
93.65,94.91,93.38,93.88,27206700.0,002594.SZ,20251219,比亚迪,NA,CNY
94.35,95.0,93.9,94.02,20623400.0,002594.SZ,20251222,比亚迪,NA,CNY
94.15,95.14,94.15,94.46,23661700.0,002594.SZ,20251223,比亚迪,NA,CNY
94.45,94.45,93.7,94.07,19280900.0,002594.SZ,20251224,比亚迪,NA,CNY
94.08,94.87,93.77,94.49,18220100.0,002594.SZ,20251225,比亚迪,NA,CNY
94.92,101.07,94.89,99.64,102095800.0,002594.SZ,20251226,比亚迪,NA,CNY
100.12,100.92,99.23,99.84,51916600.0,002594.SZ,20251229,比亚迪,NA,CNY
98.89,99.78,98.37,99.38,31875600.0,002594.SZ,20251230,比亚迪,NA,CNY
99.61,99.83,97.02,97.36,40285800.0,002594.SZ,20251231,比亚迪,NA,CNY
98.03,99.11,97.53,97.74,38262500.0,002594.SZ,20260105,比亚迪,NA,CNY
97.85,100.12,97.75,99.62,52178400.0,002594.SZ,20260106,比亚迪,NA,CNY
99.59,99.59,96.7,97.24,56084800.0,002594.SZ,20260107,比亚迪,NA,CNY
96.84,96.84,95.97,96.52,30065400.0,002594.SZ,20260108,比亚迪,NA,CNY
96.69,97.58,96.54,96.65,35034000.0,002594.SZ,20260109,比亚迪,NA,CNY
96.65,97.63,95.94,97.11,42525700.0,002594.SZ,20260112,比亚迪,NA,CNY
98.63,99.23,96.52,96.83,49872200.0,002594.SZ,20260113,比亚迪,NA,CNY
96.45,97.38,95.15,95.74,51474900.0,002594.SZ,20260114,比亚迪,NA,CNY
95.72,96.28,95.24,95.31,29563500.0,002594.SZ,20260115,比亚迪,NA,CNY
96.34,97.08,95.24,95.5,38458800.0,002594.SZ,20260116,比亚迪,NA,CNY
96.45,96.94,95.41,95.83,33492700.0,002594.SZ,20260119,比亚迪,NA,CNY
95.86,95.9,94.33,94.39,38914900.0,002594.SZ,20260120,比亚迪,NA,CNY
93.66,94.59,93.65,93.75,30833300.0,002594.SZ,20260121,比亚迪,NA,CNY
94.37,94.77,93.54,93.77,29101400.0,002594.SZ,20260122,比亚迪,NA,CNY
93.89,94.01,93.16,93.3,38330200.0,002594.SZ,20260123,比亚迪,NA,CNY
93.3,93.31,92.15,92.28,37545900.0,002594.SZ,20260126,比亚迪,NA,CNY
92.32,92.64,91.46,91.47,36298000.0,002594.SZ,20260127,比亚迪,NA,CNY
91.46,93.15,89.67,92.99,71556600.0,002594.SZ,20260128,比亚迪,NA,CNY
92.31,92.57,91.27,91.97,37182400.0,002594.SZ,20260129,比亚迪,NA,CNY
91.93,91.93,90.36,90.55,32917500.0,002594.SZ,20260130,比亚迪,NA,CNY
87.67,88.76,86.65,86.73,64697300.0,002594.SZ,20260202,比亚迪,NA,CNY
86.87,87.07,85.56,87.04,37782600.0,002594.SZ,20260203,比亚迪,NA,CNY
86.67,89.0,86.13,88.81,37650400.0,002594.SZ,20260204,比亚迪,NA,CNY
88.17,90.89,88.0,89.77,35424000.0,002594.SZ,20260205,比亚迪,NA,CNY
89.06,90.32,88.67,89.48,24708700.0,002594.SZ,20260206,比亚迪,NA,CNY
90.16,90.31,89.49,89.72,20817900.0,002594.SZ,20260209,比亚迪,NA,CNY
89.66,91.23,89.5,90.47,26760400.0,002594.SZ,20260210,比亚迪,NA,CNY
90.54,92.6,90.54,91.94,39694900.0,002594.SZ,20260211,比亚迪,NA,CNY
91.95,92.01,90.74,90.82,23031300.0,002594.SZ,20260212,比亚迪,NA,CNY
89.71,90.75,89.54,89.93,21733800.0,002594.SZ,20260213,比亚迪,NA,CNY
91.64,91.65,90.27,90.53,20644400.0,002594.SZ,20260224,比亚迪,NA,CNY
90.55,92.44,90.55,91.11,32478000.0,002594.SZ,20260225,比亚迪,NA,CNY
91.06,91.06,89.28,89.51,29101800.0,002594.SZ,20260226,比亚迪,NA,CNY
89.07,89.6,88.77,88.99,21934000.0,002594.SZ,20260227,比亚迪,NA,CNY
87.67,96.89,87.39,96.43,143513600.0,002594.SZ,20260302,比亚迪,NA,CNY
96.03,96.63,93.64,94.85,86574100.0,002594.SZ,20260303,比亚迪,NA,CNY
94.84,96.44,93.35,95.63,70096800.0,002594.SZ,20260304,比亚迪,NA,CNY
96.44,96.46,93.54,94.12,55243900.0,002594.SZ,20260305,比亚迪,NA,CNY
95.64,95.64,92.9,93.27,50354000.0,002594.SZ,20260306,比亚迪,NA,CNY
93.27,97.63,92.65,97.16,109340800.0,002594.SZ,20260309,比亚迪,NA,CNY
96.82,97.13,95.72,96.24,50746200.0,002594.SZ,20260310,比亚迪,NA,CNY
96.39,99.97,95.31,98.85,90374300.0,002594.SZ,20260311,比亚迪,NA,CNY
98.86,100.31,98.33,98.73,50252300.0,002594.SZ,20260312,比亚迪,NA,CNY
98.63,100.41,97.93,99.3,51976400.0,002594.SZ,20260313,比亚迪,NA,CNY
99.3,104.61,98.42,104.23,108781400.0,002594.SZ,20260316,比亚迪,NA,CNY
104.24,106.26,102.33,102.49,84138800.0,002594.SZ,20260317,比亚迪,NA,CNY
102.44,102.44,99.68,101.31,61799600.0,002594.SZ,20260318,比亚迪,NA,CNY
100.61,103.49,100.1,101.93,53105900.0,002594.SZ,20260319,比亚迪,NA,CNY
101.62,104.06,101.18,102.65,62878300.0,002594.SZ,20260320,比亚迪,NA,CNY
103.48,111.4,102.79,107.23,178244500.0,002594.SZ,20260323,比亚迪,NA,CNY
108.0,108.0,104.54,106.24,92144600.0,002594.SZ,20260324,比亚迪,NA,CNY
106.32,107.26,104.89,106.2,66266400.0,002594.SZ,20260325,比亚迪,NA,CNY
106.22,107.28,102.32,102.76,82812000.0,002594.SZ,20260326,比亚迪,NA,CNY
103.6,105.49,102.37,104.91,65845400.0,002594.SZ,20260327,比亚迪,NA,CNY
103.12,107.6,102.86,105.65,72755700.0,002594.SZ,20260330,比亚迪,NA,CNY
106.6,108.09,104.71,104.86,58865900.0,002594.SZ,20260331,比亚迪,NA,CNY
105.5,106.1,101.99,102.27,71519800.0,002594.SZ,20260401,比亚迪,NA,CNY
102.11,103.09,100.12,101.27,60434900.0,002594.SZ,20260402,比亚迪,NA,CNY
101.42,101.92,98.63,98.64,49174500.0,002594.SZ,20260403,比亚迪,NA,CNY
99.13,99.4,97.09,97.61,37969700.0,002594.SZ,20260407,比亚迪,NA,CNY
98.13,100.9,97.74,100.84,56281800.0,002594.SZ,20260408,比亚迪,NA,CNY
99.84,99.84,98.44,98.66,37906200.0,002594.SZ,20260409,比亚迪,NA,CNY
99.02,101.82,98.66,101.29,60573100.0,002594.SZ,20260410,比亚迪,NA,CNY
101.19,104.6,100.43,103.86,66313500.0,002594.SZ,20260413,比亚迪,NA,CNY
102.62,103.8,102.12,103.43,54334200.0,002594.SZ,20260414,比亚迪,NA,CNY
103.43,104.38,102.12,102.65,42871900.0,002594.SZ,20260415,比亚迪,NA,CNY
102.89,105.57,102.89,105.15,64366100.0,002594.SZ,20260416,比亚迪,NA,CNY
104.6,105.07,102.74,103.39,44204700.0,002594.SZ,20260417,比亚迪,NA,CNY
103.39,103.56,102.24,102.53,38367600.0,002594.SZ,20260420,比亚迪,NA,CNY
102.53,102.8,100.95,101.15,43225700.0,002594.SZ,20260421,比亚迪,NA,CNY
100.73,102.0,100.22,101.24,34373300.0,002594.SZ,20260422,比亚迪,NA,CNY
101.19,101.21,98.64,99.61,49216300.0,002594.SZ,20260423,比亚迪,NA,CNY
99.54,99.54,98.33,99.09,33773800.0,002594.SZ,20260424,比亚迪,NA,CNY
99.63,103.61,99.51,101.96,60167000.0,002594.SZ,20260427,比亚迪,NA,CNY
101.47,102.91,100.96,101.1,36155000.0,002594.SZ,20260428,比亚迪,NA,CNY
101.09,105.25,100.62,105.01,105655700.0,002594.SZ,20260429,比亚迪,NA,CNY
104.15,105.06,101.99,102.6,60097800.0,002594.SZ,20260430,比亚迪,NA,CNY
101.32,101.51,99.83,100.37,67048700.0,002594.SZ,20260506,比亚迪,NA,CNY
100.67,100.88,99.64,100.09,46884500.0,002594.SZ,20260507,比亚迪,NA,CNY
100.1,100.62,99.43,99.65,38215700.0,002594.SZ,20260508,比亚迪,NA,CNY
99.65,100.35,98.63,100.07,48281000.0,002594.SZ,20260511,比亚迪,NA,CNY
99.6,99.73,98.73,98.86,35344100.0,002594.SZ,20260512,比亚迪,NA,CNY
98.86,98.88,97.44,98.23,45619300.0,002594.SZ,20260513,比亚迪,NA,CNY
98.63,99.63,98.08,98.36,33917900.0,002594.SZ,20260514,比亚迪,NA,CNY
97.63,97.66,95.9,95.94,46621700.0,002594.SZ,20260515,比亚迪,NA,CNY
94.98,95.58,93.95,94.16,35461300.0,002594.SZ,20260518,比亚迪,NA,CNY
94.16,95.72,93.45,95.64,29618400.0,002594.SZ,20260519,比亚迪,NA,CNY
94.94,95.13,92.95,93.01,41500900.0,002594.SZ,20260520,比亚迪,NA,CNY
93.06,95.84,93.06,93.16,37394900.0,002594.SZ,20260521,比亚迪,NA,CNY
93.2,93.84,92.26,93.4,26859100.0,002594.SZ,20260522,比亚迪,NA,CNY
94.65,96.85,94.65,95.6,40599500.0,002594.SZ,20260525,比亚迪,NA,CNY
95.44,96.56,94.16,96.19,38652400.0,002594.SZ,20260526,比亚迪,NA,CNY
95.64,96.91,94.31,94.86,36237300.0,002594.SZ,20260527,比亚迪,NA,CNY
94.86,95.63,93.68,95.52,31458900.0,002594.SZ,20260528,比亚迪,NA,CNY
98.53,99.13,95.77,95.82,60629300.0,002594.SZ,20260529,比亚迪,NA,CNY
95.82,95.86,93.25,93.3,44598000.0,002594.SZ,20260601,比亚迪,NA,CNY
95.64,96.52,93.96,96.4,55496400.0,002594.SZ,20260602,比亚迪,NA,CNY
95.64,95.64,94.15,94.47,37043300.0,002594.SZ,20260603,比亚迪,NA,CNY
93.25,94.04,92.75,93.09,31871100.0,002594.SZ,20260604,比亚迪,NA,CNY
93.17,93.65,91.96,92.66,33996800.0,002594.SZ,20260605,比亚迪,NA,CNY
90.66,91.68,89.96,90.85,31684300.0,002594.SZ,20260608,比亚迪,NA,CNY
90.88,91.58,89.69,91.55,28192600.0,002594.SZ,20260609,比亚迪,NA,CNY
90.66,90.66,89.76,89.97,24128600.0,002594.SZ,20260610,比亚迪,NA,CNY
89.76,90.46,88.55,89.46,31508700.0,002594.SZ,20260611,比亚迪,NA,CNY
89.56,91.44,88.92,91.26,38535100.0,002594.SZ,20260612,比亚迪,NA,CNY
91.27,91.56,90.06,90.48,31297900.0,002594.SZ,20260615,比亚迪,NA,CNY
90.01,90.16,89.17,89.31,33601800.0,002594.SZ,20260616,比亚迪,NA,CNY
88.67,88.97,86.68,87.14,49526700.0,002594.SZ,20260617,比亚迪,NA,CNY
86.68,89.0,85.76,87.8,43578900.0,002594.SZ,20260618,比亚迪,NA,CNY
86.68,87.57,84.28,87.26,63724200.0,002594.SZ,20260622,比亚迪,NA,CNY
86.59,87.99,84.43,84.68,46621600.0,002594.SZ,20260623,比亚迪,NA,CNY
84.18,84.38,82.47,82.99,45573500.0,002594.SZ,20260624,比亚迪,NA,CNY
82.49,83.5,81.04,81.89,55643200.0,002594.SZ,20260625,比亚迪,NA,CNY
81.21,81.49,77.91,77.91,66320800.0,002594.SZ,20260626,比亚迪,NA,CNY
77.91,80.65,77.31,79.34,52370700.0,002594.SZ,20260629,比亚迪,NA,CNY
79.28,80.25,78.29,79.4,38204300.0,002594.SZ,20260630,比亚迪,NA,CNY
79.6,81.35,78.26,80.36,50317600.0,002594.SZ,20260701,比亚迪,NA,CNY
81.59,85.35,81.59,83.26,82504600.0,002594.SZ,20260702,比亚迪,NA,CNY
83.42,88.55,83.29,88.14,83898100.0,002594.SZ,20260703,比亚迪,NA,CNY
88.19,88.62,86.29,87.21,48582800.0,002594.SZ,20260706,比亚迪,NA,CNY
87.33,88.48,85.55,85.94,38946900.0,002594.SZ,20260707,比亚迪,NA,CNY
85.69,88.01,84.96,87.47,40380900.0,002594.SZ,20260708,比亚迪,NA,CNY
86.18,87.44,85.48,86.55,37739200.0,002594.SZ,20260709,比亚迪,NA,CNY
86.52,90.49,84.56,89.66,70933200.0,002594.SZ,20260710,比亚迪,NA,CNY
88.67,88.67,86.46,86.66,42458400.0,002594.SZ,20260713,比亚迪,NA,CNY
86.57,90.34,86.18,89.84,54707400.0,002594.SZ,20260714,比亚迪,NA,CNY
89.32,93.13,89.12,91.42,51415400.0,002594.SZ,20260715,比亚迪,NA,CNY
91.4,94.41,90.81,93.79,60720300.0,002594.SZ,20260716,比亚迪,NA,CNY
93.79,95.59,91.56,93.12,68734500.0,002594.SZ,20260717,比亚迪,NA,CNY
93.14,94.92,92.42,93.57,43989000.0,002594.SZ,20260720,比亚迪,NA,CNY
93.58,96.44,93.0,93.95,67159200.0,002594.SZ,20260721,比亚迪,NA,CNY
92.28,92.65,90.17,91.23,60354900.0,002594.SZ,20260722,比亚迪,NA,CNY
90.43,92.52,89.67,92.3,33801400.0,002594.SZ,20260723,比亚迪,NA,CNY
91.19,92.73,90.97,91.55,24303300.0,002594.SZ,20260724,比亚迪,NA,CNY
91.98,92.85,91.19,92.06,26533200.0,002594.SZ,20260727,比亚迪,NA,CNY
91.68,94.26,91.68,93.0,36401500.0,002594.SZ,20260728,比亚迪,NA,CNY
93.2,95.91,92.75,94.5,51445700.0,002594.SZ,20260729,比亚迪,NA,CNY
94.57,96.3,94.4,95.84,48036100.0,002594.SZ,20260730,比亚迪,NA,CNY
93.72,95.86,93.13,95.77,43613000.0,002594.SZ,20260731,比亚迪,NA,CNY
96.03,96.59,94.1,94.45,36389700.0,002594.SZ,20260803,比亚迪,NA,CNY
94.45,94.49,90.8,91.15,66771500.0,002594.SZ,20260804,比亚迪,NA,CNY
91.08,91.18,89.15,90.82,51559700.0,002594.SZ,20260805,比亚迪,NA,CNY
90.5,91.15,89.23,89.45,36737200.0,002594.SZ,20260806,比亚迪,NA,CNY
89.77,90.28,88.55,90.04,40701500.0,002594.SZ,20260807,比亚迪,NA,CNY
90.04,91.8,89.4,91.15,38573700.0,002594.SZ,20260810,比亚迪,NA,CNY
91.18,91.66,89.93,90.12,24222700.0,002594.SZ,20260811,比亚迪,NA,CNY
90.0,91.14,89.4,90.41,20818700.0,002594.SZ,20260812,比亚迪,NA,CNY
90.37,90.7,89.7,89.71,22665300.0,002594.SZ,20260813,比亚迪,NA,CNY
89.3,89.68,88.69,88.9,20585600.0,002594.SZ,20260814,比亚迪,NA,CNY
88.9,90.44,88.61,89.88,24625400.0,002594.SZ,20260817,比亚迪,NA,CNY
89.88,90.38,89.23,89.53,20636900.0,002594.SZ,20260818,比亚迪,NA,CNY
89.53,89.53,88.44,88.66,21960500.0,002594.SZ,20260819,比亚迪,NA,CNY
89.05,91.0,88.89,90.48,35807300.0,002594.SZ,20260820,比亚迪,NA,CNY
90.35,91.08,89.72,90.47,17886200.0,002594.SZ,20260821,比亚迪,NA,CNY
90.01,91.49,89.4,90.66,27364700.0,002594.SZ,20260824,比亚迪,NA,CNY
90.49,91.5,89.91,91.36,27450200.0,002594.SZ,20260825,比亚迪,NA,CNY
91.2,93.23,91.06,92.09,28282200.0,002594.SZ,20260826,比亚迪,NA,CNY
91.7,92.18,91.17,91.49,17701400.0,002594.SZ,20260827,比亚迪,NA,CNY
91.38,92.48,90.9,92.32,25031800.0,002594.SZ,20260828,比亚迪,NA,CNY
91.56,92.54,88.1,88.2,64039900.0,002594.SZ,20260831,比亚迪,NA,CNY
88.4,89.86,88.25,88.71,28858800.0,002594.SZ,20260901,比亚迪,NA,CNY
88.48,89.0,86.6,86.8,34679900.0,002594.SZ,20260902,比亚迪,NA,CNY
86.96,87.86,86.96,87.31,20373400.0,002594.SZ,20260903,比亚迪,NA,CNY
87.38,88.55,87.26,87.4,20343100.0,002594.SZ,20260904,比亚迪,NA,CNY
86.89,87.34,86.2,86.51,21926500.0,002594.SZ,20260907,比亚迪,NA,CNY
86.39,86.7,85.43,86.57,19726700.0,002594.SZ,20260908,比亚迪,NA,CNY
86.57,86.58,85.5,85.88,18185700.0,002594.SZ,20260909,比亚迪,NA,CNY
85.11,85.19,83.48,83.52,33073100.0,002594.SZ,20260910,比亚迪,NA,CNY
83.17,84.48,82.66,84.0,27293500.0,002594.SZ,20260911,比亚迪,NA,CNY
84.01,85.95,83.75,85.43,28959800.0,002594.SZ,20260914,比亚迪,NA,CNY
85.75,85.99,84.2,84.3,19356100.0,002594.SZ,20260915,比亚迪,NA,CNY
84.11,84.55,83.45,83.96,17642300.0,002594.SZ,20260916,比亚迪,NA,CNY
83.8,85.56,83.11,84.97,26147800.0,002594.SZ,20260917,比亚迪,NA,CNY
84.0,84.67,83.27,84.3,29992400.0,002594.SZ,20260918,比亚迪,NA,CNY
84.27,85.29,84.11,85.22,24832100.0,002594.SZ,20260921,比亚迪,NA,CNY
85.59,87.2,85.46,86.58,33684700.0,002594.SZ,20260922,比亚迪,NA,CNY
86.0,86.55,85.66,85.85,17315400.0,002594.SZ,20260923,比亚迪,NA,CNY
85.7,86.02,84.23,84.34,18221500.0,002594.SZ,20260924,比亚迪,NA,CNY
83.61,84.28,83.18,83.35,18236400.0,002594.SZ,20260928,比亚迪,NA,CNY
83.2,83.42,81.7,82.02,21605500.0,002594.SZ,20260929,比亚迪,NA,CNY
82.1,83.47,81.7,83.31,21667300.0,002594.SZ,20260930,比亚迪,NA,CNY
68.49,69.08,67.58,68.76,61593900.0,000333.SZ,20251009,美的集团,NA,CNY
68.59,69.8,68.26,68.95,43330500.0,000333.SZ,20251010,美的集团,NA,CNY
67.58,68.27,67.23,67.98,48160400.0,000333.SZ,20251013,美的集团,NA,CNY
68.16,69.25,67.87,68.73,51909500.0,000333.SZ,20251014,美的集团,NA,CNY
68.92,69.57,68.73,69.03,37633200.0,000333.SZ,20251015,美的集团,NA,CNY
69.3,69.76,68.65,69.28,34678000.0,000333.SZ,20251016,美的集团,NA,CNY
68.82,69.67,68.77,68.92,27649100.0,000333.SZ,20251017,美的集团,NA,CNY
69.19,69.49,68.53,68.99,29755700.0,000333.SZ,20251020,美的集团,NA,CNY
69.01,69.36,68.71,69.02,28394600.0,000333.SZ,20251021,美的集团,NA,CNY
68.92,70.05,68.74,69.94,39329800.0,000333.SZ,20251022,美的集团,NA,CNY
69.87,70.96,69.75,70.9,34763300.0,000333.SZ,20251023,美的集团,NA,CNY
70.9,71.0,70.49,70.63,24483800.0,000333.SZ,20251024,美的集团,NA,CNY
70.76,71.33,70.41,70.89,34055200.0,000333.SZ,20251027,美的集团,NA,CNY
70.63,70.93,70.18,70.44,23365700.0,000333.SZ,20251028,美的集团,NA,CNY
70.29,70.45,69.58,70.43,27358600.0,000333.SZ,20251029,美的集团,NA,CNY
70.53,72.04,70.53,71.29,49965300.0,000333.SZ,20251030,美的集团,NA,CNY
71.19,72.73,71.1,72.33,50974100.0,000333.SZ,20251031,美的集团,NA,CNY
72.32,72.85,71.17,71.37,28196900.0,000333.SZ,20251103,美的集团,NA,CNY
71.12,71.75,70.91,71.15,30260600.0,000333.SZ,20251104,美的集团,NA,CNY
71.0,72.32,70.34,71.89,26615100.0,000333.SZ,20251105,美的集团,NA,CNY
71.89,73.3,71.89,72.92,35511100.0,000333.SZ,20251106,美的集团,NA,CNY
73.15,73.15,72.05,72.14,26441900.0,000333.SZ,20251107,美的集团,NA,CNY
72.2,73.42,71.9,73.21,39100800.0,000333.SZ,20251110,美的集团,NA,CNY
73.21,73.26,72.59,73.11,22770700.0,000333.SZ,20251111,美的集团,NA,CNY
73.11,76.26,73.11,75.25,73784700.0,000333.SZ,20251112,美的集团,NA,CNY
74.98,75.74,74.5,75.36,33337000.0,000333.SZ,20251113,美的集团,NA,CNY
75.26,76.13,74.84,75.01,27312700.0,000333.SZ,20251114,美的集团,NA,CNY
75.01,75.16,73.76,74.24,26109500.0,000333.SZ,20251117,美的集团,NA,CNY
74.58,74.93,73.35,73.73,23590400.0,000333.SZ,20251118,美的集团,NA,CNY
73.72,74.39,73.37,73.73,21441500.0,000333.SZ,20251119,美的集团,NA,CNY
73.83,75.14,73.38,74.25,26192800.0,000333.SZ,20251120,美的集团,NA,CNY
73.45,75.54,73.45,75.02,43949400.0,000333.SZ,20251121,美的集团,NA,CNY
74.88,75.72,74.54,74.84,36773900.0,000333.SZ,20251124,美的集团,NA,CNY
75.25,75.26,73.93,74.97,29101100.0,000333.SZ,20251125,美的集团,NA,CNY
74.96,76.21,74.7,76.02,32072700.0,000333.SZ,20251126,美的集团,NA,CNY
75.83,76.91,75.21,76.02,31646000.0,000333.SZ,20251127,美的集团,NA,CNY
76.02,76.28,75.57,76.08,18126600.0,000333.SZ,20251128,美的集团,NA,CNY
76.02,76.4,75.42,76.21,30352000.0,000333.SZ,20251201,美的集团,NA,CNY
76.31,77.79,76.22,77.7,37804900.0,000333.SZ,20251202,美的集团,NA,CNY
77.69,78.96,77.41,78.28,36866000.0,000333.SZ,20251203,美的集团,NA,CNY
78.24,79.23,77.9,78.01,28917900.0,000333.SZ,20251204,美的集团,NA,CNY
78.01,78.68,77.83,78.34,24616500.0,000333.SZ,20251205,美的集团,NA,CNY
79.07,79.16,77.2,77.94,27336500.0,000333.SZ,20251208,美的集团,NA,CNY
77.64,77.7,76.15,76.4,35647900.0,000333.SZ,20251209,美的集团,NA,CNY
76.19,76.8,75.93,76.28,24571900.0,000333.SZ,20251210,美的集团,NA,CNY
76.33,76.74,75.43,75.54,27294400.0,000333.SZ,20251211,美的集团,NA,CNY
75.59,76.19,75.45,75.56,32895800.0,000333.SZ,20251212,美的集团,NA,CNY
75.92,77.26,75.69,76.6,36554600.0,000333.SZ,20251215,美的集团,NA,CNY
76.45,77.02,76.06,76.17,21423000.0,000333.SZ,20251216,美的集团,NA,CNY
75.94,77.09,75.62,76.66,23028100.0,000333.SZ,20251217,美的集团,NA,CNY
76.47,76.79,75.74,76.05,21409700.0,000333.SZ,20251218,美的集团,NA,CNY
76.07,76.12,75.07,75.69,27801700.0,000333.SZ,20251219,美的集团,NA,CNY
75.54,76.01,75.16,75.41,24503700.0,000333.SZ,20251222,美的集团,NA,CNY
75.62,76.51,75.28,75.88,25468000.0,000333.SZ,20251223,美的集团,NA,CNY
75.67,76.15,75.03,75.07,21704700.0,000333.SZ,20251224,美的集团,NA,CNY
74.8,75.14,74.48,74.87,22675700.0,000333.SZ,20251225,美的集团,NA,CNY
74.87,75.33,74.83,75.13,21410700.0,000333.SZ,20251226,美的集团,NA,CNY
75.06,75.94,74.54,74.7,25697300.0,000333.SZ,20251229,美的集团,NA,CNY
74.46,75.62,74.42,75.12,21362200.0,000333.SZ,20251230,美的集团,NA,CNY
75.13,76.48,74.16,74.45,28775800.0,000333.SZ,20251231,美的集团,NA,CNY
76.25,76.69,74.54,74.95,44294700.0,000333.SZ,20260105,美的集团,NA,CNY
74.86,75.73,73.73,75.11,45452400.0,000333.SZ,20260106,美的集团,NA,CNY
75.25,75.81,74.36,75.61,40196700.0,000333.SZ,20260107,美的集团,NA,CNY
75.61,75.72,74.6,75.29,31253600.0,000333.SZ,20260108,美的集团,NA,CNY
75.83,76.16,75.54,75.99,34108000.0,000333.SZ,20260109,美的集团,NA,CNY
76.0,76.01,74.13,74.9,52501400.0,000333.SZ,20260112,美的集团,NA,CNY
74.21,74.31,72.5,72.59,94571200.0,000333.SZ,20260113,美的集团,NA,CNY
72.59,73.95,72.32,73.5,53968400.0,000333.SZ,20260114,美的集团,NA,CNY
73.79,74.35,73.25,73.56,36031300.0,000333.SZ,20260115,美的集团,NA,CNY
73.59,74.16,73.5,73.65,37186800.0,000333.SZ,20260116,美的集团,NA,CNY
73.71,74.44,73.4,73.94,33637300.0,000333.SZ,20260119,美的集团,NA,CNY
73.98,75.61,73.54,75.26,45535700.0,000333.SZ,20260120,美的集团,NA,CNY
75.22,75.22,73.88,74.1,36808600.0,000333.SZ,20260121,美的集团,NA,CNY
74.54,74.55,73.71,73.82,34404000.0,000333.SZ,20260122,美的集团,NA,CNY
73.9,74.11,73.08,73.14,37370700.0,000333.SZ,20260123,美的集团,NA,CNY
73.16,74.18,72.42,72.73,47313100.0,000333.SZ,20260126,美的集团,NA,CNY
72.78,73.45,72.32,72.5,32580600.0,000333.SZ,20260127,美的集团,NA,CNY
72.49,72.74,71.45,71.77,62893700.0,000333.SZ,20260128,美的集团,NA,CNY
72.12,74.38,71.9,74.19,62244100.0,000333.SZ,20260129,美的集团,NA,CNY
73.93,75.26,73.73,73.92,53250800.0,000333.SZ,20260130,美的集团,NA,CNY
73.93,74.76,73.35,74.16,34591500.0,000333.SZ,20260202,美的集团,NA,CNY
74.12,75.15,73.76,74.22,34503700.0,000333.SZ,20260203,美的集团,NA,CNY
74.4,76.1,74.32,76.03,38910200.0,000333.SZ,20260204,美的集团,NA,CNY
76.05,77.32,75.86,76.64,42919700.0,000333.SZ,20260205,美的集团,NA,CNY
76.62,76.97,75.64,75.77,31256500.0,000333.SZ,20260206,美的集团,NA,CNY
75.43,75.58,74.7,75.41,33466900.0,000333.SZ,20260209,美的集团,NA,CNY
75.46,76.48,75.14,76.39,30618400.0,000333.SZ,20260210,美的集团,NA,CNY
76.21,76.41,75.83,75.92,19806600.0,000333.SZ,20260211,美的集团,NA,CNY
75.7,76.27,75.54,76.02,18878400.0,000333.SZ,20260212,美的集团,NA,CNY
75.74,76.21,75.17,75.31,25510200.0,000333.SZ,20260213,美的集团,NA,CNY
76.4,76.78,75.75,75.75,25251300.0,000333.SZ,20260224,美的集团,NA,CNY
76.48,76.94,75.54,75.93,28552300.0,000333.SZ,20260225,美的集团,NA,CNY
76.35,76.4,75.02,75.5,25327000.0,000333.SZ,20260226,美的集团,NA,CNY
75.29,75.74,74.78,74.92,20160300.0,000333.SZ,20260227,美的集团,NA,CNY
74.31,74.36,73.07,73.78,27478500.0,000333.SZ,20260302,美的集团,NA,CNY
73.79,73.96,72.88,72.93,28800000.0,000333.SZ,20260303,美的集团,NA,CNY
72.4,72.9,71.8,72.55,28493300.0,000333.SZ,20260304,美的集团,NA,CNY
72.97,73.34,72.52,72.66,19687200.0,000333.SZ,20260305,美的集团,NA,CNY
72.61,73.09,72.17,72.9,20662800.0,000333.SZ,20260306,美的集团,NA,CNY
72.14,72.5,71.47,71.84,25947800.0,000333.SZ,20260309,美的集团,NA,CNY
72.16,73.2,72.16,72.97,20908500.0,000333.SZ,20260310,美的集团,NA,CNY
72.97,74.04,72.5,73.73,25135700.0,000333.SZ,20260311,美的集团,NA,CNY
73.64,74.07,73.29,73.73,19330400.0,000333.SZ,20260312,美的集团,NA,CNY
73.31,73.79,73.02,73.22,18729200.0,000333.SZ,20260313,美的集团,NA,CNY
72.9,73.24,72.1,73.01,20560000.0,000333.SZ,20260316,美的集团,NA,CNY
73.33,73.93,72.97,72.97,21407400.0,000333.SZ,20260317,美的集团,NA,CNY
73.11,73.64,72.69,73.41,20071600.0,000333.SZ,20260318,美的集团,NA,CNY
72.81,73.33,72.33,72.4,23272900.0,000333.SZ,20260319,美的集团,NA,CNY
72.32,72.54,71.56,71.56,21912500.0,000333.SZ,20260320,美的集团,NA,CNY
70.45,70.47,68.92,69.9,46200800.0,000333.SZ,20260323,美的集团,NA,CNY
70.24,70.9,69.35,70.71,26714700.0,000333.SZ,20260324,美的集团,NA,CNY
70.97,71.42,70.45,71.26,18496300.0,000333.SZ,20260325,美的集团,NA,CNY
71.34,71.96,70.67,70.8,17708500.0,000333.SZ,20260326,美的集团,NA,CNY
69.45,71.4,69.35,71.24,31912500.0,000333.SZ,20260327,美的集团,NA,CNY
69.88,70.5,68.37,68.69,45622700.0,000333.SZ,20260330,美的集团,NA,CNY
71.5,73.66,70.79,72.73,69491400.0,000333.SZ,20260331,美的集团,NA,CNY
72.88,73.73,72.72,73.2,27361500.0,000333.SZ,20260401,美的集团,NA,CNY
73.21,74.15,72.95,73.71,32631700.0,000333.SZ,20260402,美的集团,NA,CNY
73.64,73.69,72.59,72.73,17277200.0,000333.SZ,20260403,美的集团,NA,CNY
72.73,73.07,72.04,72.52,16382600.0,000333.SZ,20260407,美的集团,NA,CNY
73.31,73.59,72.73,73.1,28680400.0,000333.SZ,20260408,美的集团,NA,CNY
72.78,73.37,72.31,72.9,23502300.0,000333.SZ,20260409,美的集团,NA,CNY
72.9,73.11,72.46,72.79,25837200.0,000333.SZ,20260410,美的集团,NA,CNY
72.43,72.85,72.0,72.19,18237500.0,000333.SZ,20260413,美的集团,NA,CNY
72.46,72.92,71.92,72.92,19578100.0,000333.SZ,20260414,美的集团,NA,CNY
72.92,74.19,72.59,73.82,31845000.0,000333.SZ,20260415,美的集团,NA,CNY
74.09,74.73,73.73,74.21,23807800.0,000333.SZ,20260416,美的集团,NA,CNY
74.48,75.5,74.15,74.93,27735200.0,000333.SZ,20260417,美的集团,NA,CNY
74.69,76.12,74.35,75.81,27669900.0,000333.SZ,20260420,美的集团,NA,CNY
75.97,76.29,75.45,75.74,23879200.0,000333.SZ,20260421,美的集团,NA,CNY
75.74,75.86,75.13,75.54,20278100.0,000333.SZ,20260422,美的集团,NA,CNY
75.54,76.35,75.0,76.07,29943200.0,000333.SZ,20260423,美的集团,NA,CNY
75.79,76.4,75.7,75.89,21788000.0,000333.SZ,20260424,美的集团,NA,CNY
75.49,76.35,75.27,75.74,25851100.0,000333.SZ,20260427,美的集团,NA,CNY
75.69,76.97,75.43,76.64,30472900.0,000333.SZ,20260428,美的集团,NA,CNY
76.74,78.06,76.64,77.46,33110700.0,000333.SZ,20260429,美的集团,NA,CNY
77.16,78.26,76.79,77.26,35443200.0,000333.SZ,20260430,美的集团,NA,CNY
75.93,77.05,75.4,76.63,36041800.0,000333.SZ,20260506,美的集团,NA,CNY
76.21,77.15,75.99,76.03,37217600.0,000333.SZ,20260507,美的集团,NA,CNY
75.88,77.25,75.56,76.59,28242300.0,000333.SZ,20260508,美的集团,NA,CNY
76.34,78.55,75.81,76.85,43644400.0,000333.SZ,20260511,美的集团,NA,CNY
76.84,77.33,75.95,76.3,35775500.0,000333.SZ,20260512,美的集团,NA,CNY
76.17,77.12,75.86,76.57,32849600.0,000333.SZ,20260513,美的集团,NA,CNY
76.58,78.19,76.58,77.94,38926600.0,000333.SZ,20260514,美的集团,NA,CNY
77.59,79.36,76.93,78.66,42660800.0,000333.SZ,20260515,美的集团,NA,CNY
78.76,79.49,78.19,78.91,37735300.0,000333.SZ,20260518,美的集团,NA,CNY
78.91,78.92,76.69,77.16,33581700.0,000333.SZ,20260519,美的集团,NA,CNY
76.9,78.27,76.29,77.64,30159700.0,000333.SZ,20260520,美的集团,NA,CNY
78.26,79.21,77.64,77.64,31181200.0,000333.SZ,20260521,美的集团,NA,CNY
77.8,78.12,76.11,76.48,30984800.0,000333.SZ,20260522,美的集团,NA,CNY
76.21,76.34,75.06,76.03,23127400.0,000333.SZ,20260525,美的集团,NA,CNY
76.02,76.88,75.67,75.78,24495300.0,000333.SZ,20260526,美的集团,NA,CNY
75.76,76.48,75.13,76.24,25588700.0,000333.SZ,20260527,美的集团,NA,CNY
75.83,76.0,74.89,75.21,24199700.0,000333.SZ,20260528,美的集团,NA,CNY
75.18,77.41,74.78,77.02,42972900.0,000333.SZ,20260529,美的集团,NA,CNY
76.52,78.12,76.49,77.83,37671100.0,000333.SZ,20260601,美的集团,NA,CNY
77.41,78.87,77.37,78.69,26317700.0,000333.SZ,20260602,美的集团,NA,CNY
78.4,78.78,77.7,78.7,23032600.0,000333.SZ,20260603,美的集团,NA,CNY
78.16,79.53,77.93,78.52,24365800.0,000333.SZ,20260604,美的集团,NA,CNY
78.4,79.36,77.74,77.82,20949400.0,000333.SZ,20260605,美的集团,NA,CNY
77.54,79.78,77.05,78.93,36703000.0,000333.SZ,20260608,美的集团,NA,CNY
78.59,79.06,77.88,78.46,22099100.0,000333.SZ,20260609,美的集团,NA,CNY
78.59,80.86,77.61,79.93,38697200.0,000333.SZ,20260610,美的集团,NA,CNY
79.7,81.83,79.45,81.31,52143600.0,000333.SZ,20260611,美的集团,NA,CNY
80.5,80.65,78.64,79.29,42935200.0,000333.SZ,20260612,美的集团,NA,CNY
79.02,79.05,76.69,77.1,43292500.0,000333.SZ,20260615,美的集团,NA,CNY
77.14,77.15,74.84,75.22,41523800.0,000333.SZ,20260616,美的集团,NA,CNY
75.23,76.07,74.82,75.47,33447200.0,000333.SZ,20260617,美的集团,NA,CNY
75.48,75.73,74.12,74.31,36366700.0,000333.SZ,20260618,美的集团,NA,CNY
73.67,75.4,73.26,74.57,30670900.0,000333.SZ,20260622,美的集团,NA,CNY
74.47,75.85,74.13,74.37,36089100.0,000333.SZ,20260623,美的集团,NA,CNY
74.78,74.97,72.4,73.0,38487700.0,000333.SZ,20260624,美的集团,NA,CNY
73.01,74.66,72.59,72.88,41148900.0,000333.SZ,20260625,美的集团,NA,CNY
73.24,75.2,72.98,74.83,44953300.0,000333.SZ,20260626,美的集团,NA,CNY
75.79,77.99,75.14,77.27,74325800.0,000333.SZ,20260629,美的集团,NA,CNY
76.52,78.66,75.31,75.53,57750800.0,000333.SZ,20260630,美的集团,NA,CNY
76.01,77.6,73.62,77.4,50224100.0,000333.SZ,20260701,美的集团,NA,CNY
77.61,79.26,76.98,77.01,56146700.0,000333.SZ,20260702,美的集团,NA,CNY
77.5,79.9,77.31,77.96,55780300.0,000333.SZ,20260703,美的集团,NA,CNY
78.6,80.15,78.0,80.0,50383600.0,000333.SZ,20260706,美的集团,NA,CNY
79.43,80.35,78.65,79.12,34065400.0,000333.SZ,20260707,美的集团,NA,CNY
78.75,79.96,78.33,79.41,31545900.0,000333.SZ,20260708,美的集团,NA,CNY
79.0,79.59,78.0,79.33,30121500.0,000333.SZ,20260709,美的集团,NA,CNY
79.14,79.3,77.86,78.99,27961800.0,000333.SZ,20260710,美的集团,NA,CNY
78.5,80.67,78.42,80.4,47041600.0,000333.SZ,20260713,美的集团,NA,CNY
80.43,82.0,79.91,81.18,45750300.0,000333.SZ,20260714,美的集团,NA,CNY
81.17,82.76,80.58,82.67,33221100.0,000333.SZ,20260715,美的集团,NA,CNY
82.15,83.45,81.8,81.8,36238200.0,000333.SZ,20260716,美的集团,NA,CNY
82.31,83.45,81.34,82.71,46279500.0,000333.SZ,20260717,美的集团,NA,CNY
81.23,84.5,81.11,84.3,54704800.0,000333.SZ,20260720,美的集团,NA,CNY
84.15,85.75,83.61,84.27,45909900.0,000333.SZ,20260721,美的集团,NA,CNY
84.04,84.8,83.51,84.8,32691600.0,000333.SZ,20260722,美的集团,NA,CNY
84.67,85.18,84.27,84.77,19123800.0,000333.SZ,20260723,美的集团,NA,CNY
84.75,85.2,84.11,84.5,23791000.0,000333.SZ,20260724,美的集团,NA,CNY
84.03,84.55,83.2,84.13,22819200.0,000333.SZ,20260727,美的集团,NA,CNY
84.12,85.92,84.01,85.37,33671100.0,000333.SZ,20260728,美的集团,NA,CNY
85.35,87.5,85.1,87.01,47814400.0,000333.SZ,20260729,美的集团,NA,CNY
87.01,89.5,86.5,88.95,46149800.0,000333.SZ,20260730,美的集团,NA,CNY
87.01,87.79,84.51,87.6,47504400.0,000333.SZ,20260731,美的集团,NA,CNY
87.39,87.97,85.65,85.9,33669200.0,000333.SZ,20260803,美的集团,NA,CNY
85.99,86.2,84.66,85.14,38112000.0,000333.SZ,20260804,美的集团,NA,CNY
85.0,85.6,84.28,85.47,29129600.0,000333.SZ,20260805,美的集团,NA,CNY
85.5,86.0,84.8,85.32,20869600.0,000333.SZ,20260806,美的集团,NA,CNY
85.26,85.33,82.97,83.5,40016700.0,000333.SZ,20260807,美的集团,NA,CNY
83.5,86.07,83.12,85.3,31141900.0,000333.SZ,20260810,美的集团,NA,CNY
85.26,86.12,85.03,85.62,19509100.0,000333.SZ,20260811,美的集团,NA,CNY
85.18,85.37,84.16,84.34,21928400.0,000333.SZ,20260812,美的集团,NA,CNY
84.19,84.57,83.8,84.19,19974900.0,000333.SZ,20260813,美的集团,NA,CNY
83.77,84.3,83.0,83.03,22392300.0,000333.SZ,20260814,美的集团,NA,CNY
83.15,83.28,82.39,82.61,18845100.0,000333.SZ,20260817,美的集团,NA,CNY
82.8,83.89,82.39,83.58,22707000.0,000333.SZ,20260818,美的集团,NA,CNY
83.51,84.78,83.38,84.72,33406700.0,000333.SZ,20260819,美的集团,NA,CNY
84.78,85.53,83.95,85.38,26335500.0,000333.SZ,20260820,美的集团,NA,CNY
85.38,85.99,84.25,84.3,18021000.0,000333.SZ,20260821,美的集团,NA,CNY
84.11,86.35,84.05,85.99,27668200.0,000333.SZ,20260824,美的集团,NA,CNY
86.2,87.4,86.03,86.69,25305500.0,000333.SZ,20260825,美的集团,NA,CNY
86.03,87.26,86.02,86.39,16637600.0,000333.SZ,20260826,美的集团,NA,CNY
86.0,86.56,85.4,86.18,21921800.0,000333.SZ,20260827,美的集团,NA,CNY
86.5,86.98,85.42,86.23,16936200.0,000333.SZ,20260828,美的集团,NA,CNY
86.6,87.98,86.12,87.73,26791700.0,000333.SZ,20260831,美的集团,NA,CNY
87.9,88.41,87.0,87.49,18426000.0,000333.SZ,20260901,美的集团,NA,CNY
87.37,87.89,86.68,86.98,12320100.0,000333.SZ,20260902,美的集团,NA,CNY
87.25,88.5,86.56,87.25,14859600.0,000333.SZ,20260903,美的集团,NA,CNY
87.0,88.28,86.02,87.57,17952300.0,000333.SZ,20260904,美的集团,NA,CNY
87.54,87.7,85.96,86.27,22890500.0,000333.SZ,20260907,美的集团,NA,CNY
85.88,86.38,84.68,85.15,22943400.0,000333.SZ,20260908,美的集团,NA,CNY
85.0,86.04,84.44,86.02,17978600.0,000333.SZ,20260909,美的集团,NA,CNY
85.99,86.6,85.4,86.2,20498700.0,000333.SZ,20260910,美的集团,NA,CNY
86.2,86.9,85.95,86.26,22286300.0,000333.SZ,20260911,美的集团,NA,CNY
86.29,87.4,86.26,86.8,18095000.0,000333.SZ,20260914,美的集团,NA,CNY
86.7,88.1,86.44,87.23,19677600.0,000333.SZ,20260915,美的集团,NA,CNY
87.0,87.41,84.51,85.0,29845400.0,000333.SZ,20260916,美的集团,NA,CNY
85.25,85.28,84.16,85.04,18013400.0,000333.SZ,20260917,美的集团,NA,CNY
84.9,85.04,83.88,84.4,26087200.0,000333.SZ,20260918,美的集团,NA,CNY
84.08,84.18,80.68,80.9,61690800.0,000333.SZ,20260921,美的集团,NA,CNY
80.71,82.62,80.24,82.54,37519600.0,000333.SZ,20260922,美的集团,NA,CNY
82.51,82.84,82.05,82.47,17023600.0,000333.SZ,20260923,美的集团,NA,CNY
82.18,83.05,82.05,82.65,14315500.0,000333.SZ,20260924,美的集团,NA,CNY
82.18,82.97,81.27,82.0,25657200.0,000333.SZ,20260928,美的集团,NA,CNY
81.66,82.44,81.2,81.66,22706600.0,000333.SZ,20260929,美的集团,NA,CNY
81.66,81.8,79.31,80.1,40171100.0,000333.SZ,20260930,美的集团,NA,CNY
23.86,24.2,23.58,24.18,61481100.0,600690.SH,20251009,海尔智家,NA,CNY
24.05,24.67,23.98,24.39,57009000.0,600690.SH,20251010,海尔智家,NA,CNY
23.89,24.01,23.71,23.87,52215800.0,600690.SH,20251013,海尔智家,NA,CNY
23.93,24.38,23.88,24.16,66511000.0,600690.SH,20251014,海尔智家,NA,CNY
24.16,24.34,23.91,24.15,41709700.0,600690.SH,20251015,海尔智家,NA,CNY
24.14,24.2,23.86,24.0,32146700.0,600690.SH,20251016,海尔智家,NA,CNY
23.93,24.24,23.77,23.78,44219900.0,600690.SH,20251017,海尔智家,NA,CNY
24.01,24.12,23.76,23.85,32405700.0,600690.SH,20251020,海尔智家,NA,CNY
23.87,24.15,23.82,24.09,42121300.0,600690.SH,20251021,海尔智家,NA,CNY
24.03,24.43,23.98,24.34,47884500.0,600690.SH,20251022,海尔智家,NA,CNY
24.29,24.65,24.24,24.48,32067800.0,600690.SH,20251023,海尔智家,NA,CNY
24.48,24.65,24.33,24.36,26813100.0,600690.SH,20251024,海尔智家,NA,CNY
24.45,24.75,24.36,24.62,40643100.0,600690.SH,20251027,海尔智家,NA,CNY
24.63,24.63,24.25,24.28,36022800.0,600690.SH,20251028,海尔智家,NA,CNY
24.25,24.39,24.11,24.33,21505900.0,600690.SH,20251029,海尔智家,NA,CNY
24.38,24.88,24.35,24.53,46170100.0,600690.SH,20251030,海尔智家,NA,CNY
24.95,25.75,24.82,25.48,105763100.0,600690.SH,20251031,海尔智家,NA,CNY
25.55,25.76,25.24,25.4,42432600.0,600690.SH,20251103,海尔智家,NA,CNY
25.26,25.74,25.19,25.33,44788900.0,600690.SH,20251104,海尔智家,NA,CNY
25.19,25.54,24.97,25.38,29708800.0,600690.SH,20251105,海尔智家,NA,CNY
25.33,25.8,25.28,25.62,42539700.0,600690.SH,20251106,海尔智家,NA,CNY
25.65,25.74,25.43,25.54,28673500.0,600690.SH,20251107,海尔智家,NA,CNY
25.54,26.09,25.39,26.02,41207200.0,600690.SH,20251110,海尔智家,NA,CNY
25.9,26.08,25.61,25.81,38923500.0,600690.SH,20251111,海尔智家,NA,CNY
25.91,26.44,25.87,26.11,46432600.0,600690.SH,20251112,海尔智家,NA,CNY
26.02,26.3,25.93,26.25,31397200.0,600690.SH,20251113,海尔智家,NA,CNY
26.15,26.36,25.81,25.85,31320300.0,600690.SH,20251114,海尔智家,NA,CNY
25.84,25.94,25.36,25.51,24002200.0,600690.SH,20251117,海尔智家,NA,CNY
25.51,25.66,25.2,25.29,20629900.0,600690.SH,20251118,海尔智家,NA,CNY
25.34,25.58,25.27,25.46,20125000.0,600690.SH,20251119,海尔智家,NA,CNY
25.44,26.02,25.35,25.72,28623100.0,600690.SH,20251120,海尔智家,NA,CNY
25.66,26.23,25.59,25.94,52830100.0,600690.SH,20251121,海尔智家,NA,CNY
25.95,26.19,25.78,25.84,38501900.0,600690.SH,20251124,海尔智家,NA,CNY
25.92,26.0,25.65,25.85,27203900.0,600690.SH,20251125,海尔智家,NA,CNY
25.87,26.3,25.75,26.3,36375700.0,600690.SH,20251126,海尔智家,NA,CNY
26.22,26.59,25.72,26.49,52469700.0,600690.SH,20251127,海尔智家,NA,CNY
26.32,26.54,26.15,26.48,27931500.0,600690.SH,20251128,海尔智家,NA,CNY
26.47,26.59,26.07,26.37,30021700.0,600690.SH,20251201,海尔智家,NA,CNY
26.4,27.03,26.34,26.65,36069300.0,600690.SH,20251202,海尔智家,NA,CNY
26.69,27.18,26.67,26.81,36542400.0,600690.SH,20251203,海尔智家,NA,CNY
26.82,26.95,26.46,26.5,30287400.0,600690.SH,20251204,海尔智家,NA,CNY
26.49,26.78,26.21,26.44,35144000.0,600690.SH,20251205,海尔智家,NA,CNY
26.42,26.52,25.93,26.08,38129000.0,600690.SH,20251208,海尔智家,NA,CNY
26.09,26.12,25.54,25.64,31195200.0,600690.SH,20251209,海尔智家,NA,CNY
25.64,25.89,25.54,25.63,24035400.0,600690.SH,20251210,海尔智家,NA,CNY
25.69,25.94,25.47,25.49,24358700.0,600690.SH,20251211,海尔智家,NA,CNY
25.61,25.94,25.42,25.86,35929900.0,600690.SH,20251212,海尔智家,NA,CNY
25.82,26.57,25.74,26.26,41863200.0,600690.SH,20251215,海尔智家,NA,CNY
26.27,26.37,25.97,26.1,20934300.0,600690.SH,20251216,海尔智家,NA,CNY
26.02,26.62,25.74,26.39,33674100.0,600690.SH,20251217,海尔智家,NA,CNY
26.35,26.51,26.12,26.31,17990300.0,600690.SH,20251218,海尔智家,NA,CNY
26.31,26.6,26.05,26.41,28465400.0,600690.SH,20251219,海尔智家,NA,CNY
26.42,26.45,26.14,26.24,23192800.0,600690.SH,20251222,海尔智家,NA,CNY
26.24,26.48,26.07,26.12,25508500.0,600690.SH,20251223,海尔智家,NA,CNY
26.1,26.18,25.65,25.77,30637900.0,600690.SH,20251224,海尔智家,NA,CNY
25.73,25.87,25.68,25.81,20119300.0,600690.SH,20251225,海尔智家,NA,CNY
25.81,25.86,25.61,25.67,25058400.0,600690.SH,20251226,海尔智家,NA,CNY
25.81,25.93,25.47,25.52,27436800.0,600690.SH,20251229,海尔智家,NA,CNY
25.47,25.61,25.25,25.48,31914300.0,600690.SH,20251230,海尔智家,NA,CNY
25.48,25.77,24.97,25.05,43573600.0,600690.SH,20251231,海尔智家,NA,CNY
25.34,25.73,25.21,25.27,43371900.0,600690.SH,20260105,海尔智家,NA,CNY
25.31,25.44,25.01,25.34,46308500.0,600690.SH,20260106,海尔智家,NA,CNY
25.3,25.37,25.08,25.25,41789300.0,600690.SH,20260107,海尔智家,NA,CNY
25.23,25.23,24.97,25.08,39673300.0,600690.SH,20260108,海尔智家,NA,CNY
25.14,25.2,24.97,25.01,43909100.0,600690.SH,20260109,海尔智家,NA,CNY
25.04,25.25,24.91,25.15,43355500.0,600690.SH,20260112,海尔智家,NA,CNY
25.21,25.25,24.84,24.86,48955100.0,600690.SH,20260113,海尔智家,NA,CNY
24.93,25.08,24.73,24.89,49705200.0,600690.SH,20260114,海尔智家,NA,CNY
24.79,25.06,24.74,24.79,35549400.0,600690.SH,20260115,海尔智家,NA,CNY
24.87,24.91,24.61,24.67,38550800.0,600690.SH,20260116,海尔智家,NA,CNY
24.62,25.06,24.59,24.9,38345900.0,600690.SH,20260119,海尔智家,NA,CNY
24.9,25.35,24.67,25.33,65424100.0,600690.SH,20260120,海尔智家,NA,CNY
25.28,25.34,24.83,24.86,53615000.0,600690.SH,20260121,海尔智家,NA,CNY
24.89,24.98,24.74,24.86,38183500.0,600690.SH,20260122,海尔智家,NA,CNY
24.93,24.95,24.63,24.65,44181500.0,600690.SH,20260123,海尔智家,NA,CNY
24.65,24.86,24.38,24.58,56665500.0,600690.SH,20260126,海尔智家,NA,CNY
24.57,24.77,24.45,24.48,34938900.0,600690.SH,20260127,海尔智家,NA,CNY
24.47,24.55,24.03,24.13,69260300.0,600690.SH,20260128,海尔智家,NA,CNY
24.11,24.61,23.82,24.44,103559800.0,600690.SH,20260129,海尔智家,NA,CNY
24.37,24.63,24.04,24.11,48741700.0,600690.SH,20260130,海尔智家,NA,CNY
24.11,24.5,23.95,24.0,47101500.0,600690.SH,20260202,海尔智家,NA,CNY
24.07,24.29,23.99,24.19,38852100.0,600690.SH,20260203,海尔智家,NA,CNY
24.26,25.01,24.21,25.0,74080600.0,600690.SH,20260204,海尔智家,NA,CNY
24.98,25.43,24.88,25.28,48192100.0,600690.SH,20260205,海尔智家,NA,CNY
25.25,25.36,24.94,25.03,38053400.0,600690.SH,20260206,海尔智家,NA,CNY
25.06,25.15,24.79,24.92,36521800.0,600690.SH,20260209,海尔智家,NA,CNY
25.0,25.13,24.8,25.1,28184800.0,600690.SH,20260210,海尔智家,NA,CNY
25.14,25.15,24.93,24.99,21072500.0,600690.SH,20260211,海尔智家,NA,CNY
25.0,25.03,24.78,24.86,22774700.0,600690.SH,20260212,海尔智家,NA,CNY
24.85,24.85,24.62,24.67,26715100.0,600690.SH,20260213,海尔智家,NA,CNY
24.94,25.12,24.85,24.98,36912700.0,600690.SH,20260224,海尔智家,NA,CNY
24.98,25.43,24.87,25.07,64096900.0,600690.SH,20260225,海尔智家,NA,CNY
25.02,25.3,24.89,24.92,35631100.0,600690.SH,20260226,海尔智家,NA,CNY
24.87,24.95,24.64,24.67,38988500.0,600690.SH,20260227,海尔智家,NA,CNY
24.48,24.62,24.12,24.31,36249400.0,600690.SH,20260302,海尔智家,NA,CNY
24.29,24.47,24.02,24.08,49021200.0,600690.SH,20260303,海尔智家,NA,CNY
23.98,23.99,23.18,23.56,66943500.0,600690.SH,20260304,海尔智家,NA,CNY
23.74,23.84,23.54,23.64,28873800.0,600690.SH,20260305,海尔智家,NA,CNY
23.61,23.92,23.59,23.87,24643100.0,600690.SH,20260306,海尔智家,NA,CNY
23.42,23.52,23.23,23.42,39436700.0,600690.SH,20260309,海尔智家,NA,CNY
23.61,23.95,23.45,23.88,40524200.0,600690.SH,20260310,海尔智家,NA,CNY
23.95,24.41,23.88,24.18,45871100.0,600690.SH,20260311,海尔智家,NA,CNY
24.2,24.32,23.86,24.23,34576800.0,600690.SH,20260312,海尔智家,NA,CNY
24.1,24.38,24.01,24.08,30991500.0,600690.SH,20260313,海尔智家,NA,CNY
24.09,24.13,23.63,23.93,26420600.0,600690.SH,20260316,海尔智家,NA,CNY
23.99,24.39,23.9,24.08,32299500.0,600690.SH,20260317,海尔智家,NA,CNY
24.1,24.14,23.79,23.94,29752800.0,600690.SH,20260318,海尔智家,NA,CNY
23.71,23.92,23.52,23.57,30071100.0,600690.SH,20260319,海尔智家,NA,CNY
23.57,23.81,23.53,23.53,31245900.0,600690.SH,20260320,海尔智家,NA,CNY
23.41,23.41,22.17,22.5,80107400.0,600690.SH,20260323,海尔智家,NA,CNY
22.66,22.7,22.23,22.42,47910700.0,600690.SH,20260324,海尔智家,NA,CNY
22.53,22.8,22.47,22.65,47837200.0,600690.SH,20260325,海尔智家,NA,CNY
22.65,22.79,22.11,22.19,41441500.0,600690.SH,20260326,海尔智家,NA,CNY
21.6,21.6,20.65,21.34,127895700.0,600690.SH,20260327,海尔智家,NA,CNY
20.88,20.88,20.55,20.73,78677900.0,600690.SH,20260330,海尔智家,NA,CNY
20.74,21.16,20.53,20.53,85991600.0,600690.SH,20260331,海尔智家,NA,CNY
20.79,21.01,20.67,20.92,69078300.0,600690.SH,20260401,海尔智家,NA,CNY
20.9,20.91,20.46,20.53,58502200.0,600690.SH,20260402,海尔智家,NA,CNY
20.54,20.6,20.29,20.3,32093000.0,600690.SH,20260403,海尔智家,NA,CNY
20.3,20.35,19.73,19.84,72707100.0,600690.SH,20260407,海尔智家,NA,CNY
20.16,20.35,20.11,20.32,57622400.0,600690.SH,20260408,海尔智家,NA,CNY
20.16,20.16,19.85,19.92,49932800.0,600690.SH,20260409,海尔智家,NA,CNY
19.96,20.15,19.92,20.05,46031500.0,600690.SH,20260410,海尔智家,NA,CNY
19.89,19.93,19.78,19.91,36901800.0,600690.SH,20260413,海尔智家,NA,CNY
20.03,20.15,20.0,20.1,39705900.0,600690.SH,20260414,海尔智家,NA,CNY
20.22,20.4,20.11,20.21,46258100.0,600690.SH,20260415,海尔智家,NA,CNY
20.22,20.43,20.19,20.22,46042000.0,600690.SH,20260416,海尔智家,NA,CNY
20.16,20.18,19.91,20.02,44512800.0,600690.SH,20260417,海尔智家,NA,CNY
20.01,20.1,19.92,19.94,45067900.0,600690.SH,20260420,海尔智家,NA,CNY
19.97,20.11,19.68,20.0,68732500.0,600690.SH,20260421,海尔智家,NA,CNY
19.92,19.99,19.82,19.85,46254000.0,600690.SH,20260422,海尔智家,NA,CNY
19.84,19.88,19.61,19.71,51144400.0,600690.SH,20260423,海尔智家,NA,CNY
19.68,19.74,19.46,19.66,46887300.0,600690.SH,20260424,海尔智家,NA,CNY
19.66,19.89,19.62,19.7,55243200.0,600690.SH,20260427,海尔智家,NA,CNY
19.59,20.51,19.53,20.49,124919200.0,600690.SH,20260428,海尔智家,NA,CNY
20.53,20.96,20.53,20.78,82162500.0,600690.SH,20260429,海尔智家,NA,CNY
20.64,20.94,20.54,20.67,50624300.0,600690.SH,20260430,海尔智家,NA,CNY
20.65,20.79,20.55,20.72,52650800.0,600690.SH,20260506,海尔智家,NA,CNY
20.84,20.98,20.55,20.58,48834900.0,600690.SH,20260507,海尔智家,NA,CNY
20.58,20.68,20.47,20.54,38036800.0,600690.SH,20260508,海尔智家,NA,CNY
20.53,20.86,20.27,20.63,88849100.0,600690.SH,20260511,海尔智家,NA,CNY
20.64,20.73,20.33,20.37,47106800.0,600690.SH,20260512,海尔智家,NA,CNY
20.38,20.48,20.11,20.24,45767300.0,600690.SH,20260513,海尔智家,NA,CNY
20.44,20.72,20.38,20.43,74539200.0,600690.SH,20260514,海尔智家,NA,CNY
20.53,20.94,20.28,20.54,79621600.0,600690.SH,20260515,海尔智家,NA,CNY
20.54,20.54,19.99,20.25,65671900.0,600690.SH,20260518,海尔智家,NA,CNY
20.25,20.35,20.07,20.14,32770100.0,600690.SH,20260519,海尔智家,NA,CNY
20.08,20.2,19.91,20.05,30937700.0,600690.SH,20260520,海尔智家,NA,CNY
20.06,20.18,19.62,19.62,49396800.0,600690.SH,20260521,海尔智家,NA,CNY
19.63,19.73,19.33,19.57,45184200.0,600690.SH,20260522,海尔智家,NA,CNY
19.53,19.65,19.37,19.5,29105300.0,600690.SH,20260525,海尔智家,NA,CNY
19.46,19.54,19.34,19.41,29846600.0,600690.SH,20260526,海尔智家,NA,CNY
19.42,19.52,19.11,19.35,42872600.0,600690.SH,20260527,海尔智家,NA,CNY
19.25,19.37,19.13,19.31,31953700.0,600690.SH,20260528,海尔智家,NA,CNY
19.29,20.31,19.26,20.05,83482200.0,600690.SH,20260529,海尔智家,NA,CNY
20.05,20.32,19.88,20.24,55596700.0,600690.SH,20260601,海尔智家,NA,CNY
20.16,20.43,19.97,20.29,40822900.0,600690.SH,20260602,海尔智家,NA,CNY
20.16,20.17,19.76,19.87,56925700.0,600690.SH,20260603,海尔智家,NA,CNY
19.81,19.96,19.35,19.55,37316100.0,600690.SH,20260604,海尔智家,NA,CNY
19.55,19.86,19.48,19.5,33954000.0,600690.SH,20260605,海尔智家,NA,CNY
19.36,19.63,19.29,19.36,38452000.0,600690.SH,20260608,海尔智家,NA,CNY
19.34,19.42,19.16,19.27,40850900.0,600690.SH,20260609,海尔智家,NA,CNY
19.28,19.86,19.22,19.6,57616500.0,600690.SH,20260610,海尔智家,NA,CNY
19.56,20.29,19.51,20.27,77023300.0,600690.SH,20260611,海尔智家,NA,CNY
20.05,20.41,19.93,20.29,72193100.0,600690.SH,20260612,海尔智家,NA,CNY
20.35,20.38,19.86,20.13,62338700.0,600690.SH,20260615,海尔智家,NA,CNY
20.07,20.1,19.74,19.89,45520800.0,600690.SH,20260616,海尔智家,NA,CNY
19.87,19.97,19.6,19.67,34350900.0,600690.SH,20260617,海尔智家,NA,CNY
19.59,19.64,18.67,18.67,90331400.0,600690.SH,20260618,海尔智家,NA,CNY
18.72,19.31,18.48,19.18,48857400.0,600690.SH,20260622,海尔智家,NA,CNY
19.27,19.52,18.88,18.93,44622700.0,600690.SH,20260623,海尔智家,NA,CNY
19.01,19.05,18.53,18.57,36903500.0,600690.SH,20260624,海尔智家,NA,CNY
18.62,19.36,18.52,19.07,56651900.0,600690.SH,20260625,海尔智家,NA,CNY
19.1,19.1,18.79,18.93,32476600.0,600690.SH,20260626,海尔智家,NA,CNY
19.32,19.76,18.93,19.6,61369900.0,600690.SH,20260629,海尔智家,NA,CNY
19.6,19.75,19.2,19.59,52135400.0,600690.SH,20260630,海尔智家,NA,CNY
19.66,19.84,19.32,19.49,46594000.0,600690.SH,20260701,海尔智家,NA,CNY
19.49,19.82,19.33,19.6,56059200.0,600690.SH,20260702,海尔智家,NA,CNY
19.61,19.92,19.55,19.76,49204900.0,600690.SH,20260703,海尔智家,NA,CNY
19.77,19.92,19.62,19.76,43909900.0,600690.SH,20260706,海尔智家,NA,CNY
19.75,19.75,19.39,19.51,33559700.0,600690.SH,20260707,海尔智家,NA,CNY
19.43,19.63,19.3,19.48,25096800.0,600690.SH,20260708,海尔智家,NA,CNY
19.42,19.44,19.1,19.21,38934200.0,600690.SH,20260709,海尔智家,NA,CNY
19.2,19.56,18.87,19.54,49171300.0,600690.SH,20260710,海尔智家,NA,CNY
19.37,19.54,19.28,19.44,37484800.0,600690.SH,20260713,海尔智家,NA,CNY
19.4,19.58,19.22,19.52,39265600.0,600690.SH,20260714,海尔智家,NA,CNY
19.4,20.27,19.34,20.18,78529900.0,600690.SH,20260715,海尔智家,NA,CNY
20.08,20.49,20.06,20.27,53330900.0,600690.SH,20260716,海尔智家,NA,CNY
20.21,20.4,20.03,20.11,45033800.0,600690.SH,20260717,海尔智家,NA,CNY
20.11,20.62,20.1,20.6,56000500.0,600690.SH,20260720,海尔智家,NA,CNY
20.59,21.43,20.5,20.98,94521900.0,600690.SH,20260721,海尔智家,NA,CNY
20.89,21.04,20.68,21.04,49076300.0,600690.SH,20260722,海尔智家,NA,CNY
20.91,21.01,20.76,20.99,30383600.0,600690.SH,20260723,海尔智家,NA,CNY
20.85,20.99,20.72,20.89,42908300.0,600690.SH,20260724,海尔智家,NA,CNY
20.87,21.16,20.79,21.0,36409100.0,600690.SH,20260727,海尔智家,NA,CNY
21.06,21.55,20.96,21.5,52056100.0,600690.SH,20260728,海尔智家,NA,CNY
21.47,22.26,21.44,22.06,71377000.0,600690.SH,20260729,海尔智家,NA,CNY
22.08,22.55,21.98,22.34,54642100.0,600690.SH,20260730,海尔智家,NA,CNY
21.98,22.36,21.66,22.26,63097000.0,600690.SH,20260731,海尔智家,NA,CNY
22.27,22.41,21.94,22.0,46565700.0,600690.SH,20260803,海尔智家,NA,CNY
21.9,21.98,21.55,21.59,52341000.0,600690.SH,20260804,海尔智家,NA,CNY
21.58,21.68,21.25,21.45,37216500.0,600690.SH,20260805,海尔智家,NA,CNY
21.43,21.5,21.03,21.24,34302400.0,600690.SH,20260806,海尔智家,NA,CNY
21.24,21.28,20.96,21.05,30602600.0,600690.SH,20260807,海尔智家,NA,CNY
21.07,21.44,21.01,21.36,44705000.0,600690.SH,20260810,海尔智家,NA,CNY
21.22,21.5,21.12,21.12,33218200.0,600690.SH,20260811,海尔智家,NA,CNY
21.09,21.11,20.62,20.88,42821800.0,600690.SH,20260812,海尔智家,NA,CNY
20.85,21.1,20.75,20.92,29166600.0,600690.SH,20260813,海尔智家,NA,CNY
20.84,21.02,20.75,20.89,26153500.0,600690.SH,20260814,海尔智家,NA,CNY
20.99,21.03,20.45,20.63,46895300.0,600690.SH,20260817,海尔智家,NA,CNY
20.55,20.82,20.52,20.78,34313700.0,600690.SH,20260818,海尔智家,NA,CNY
20.73,21.13,20.7,21.09,50354400.0,600690.SH,20260819,海尔智家,NA,CNY
21.05,21.25,20.88,20.9,42319300.0,600690.SH,20260820,海尔智家,NA,CNY
20.92,21.16,20.74,20.86,39463100.0,600690.SH,20260821,海尔智家,NA,CNY
20.85,21.07,20.75,20.94,41943900.0,600690.SH,20260824,海尔智家,NA,CNY
21.08,21.39,20.96,21.23,32889100.0,600690.SH,20260825,海尔智家,NA,CNY
21.21,21.49,21.1,21.15,24155600.0,600690.SH,20260826,海尔智家,NA,CNY
21.02,21.2,20.96,21.12,28373800.0,600690.SH,20260827,海尔智家,NA,CNY
20.66,21.2,20.59,21.12,36779800.0,600690.SH,20260828,海尔智家,NA,CNY
21.07,21.19,20.95,21.18,27729600.0,600690.SH,20260831,海尔智家,NA,CNY
21.12,21.57,21.08,21.42,35176700.0,600690.SH,20260901,海尔智家,NA,CNY
21.4,21.55,21.26,21.33,22316500.0,600690.SH,20260902,海尔智家,NA,CNY
21.33,21.95,21.3,21.82,45557600.0,600690.SH,20260903,海尔智家,NA,CNY
21.8,22.15,21.66,22.0,44424700.0,600690.SH,20260904,海尔智家,NA,CNY
21.99,22.1,21.44,21.61,36523100.0,600690.SH,20260907,海尔智家,NA,CNY
21.52,21.63,21.4,21.42,20905500.0,600690.SH,20260908,海尔智家,NA,CNY
21.42,21.45,21.17,21.3,19884300.0,600690.SH,20260909,海尔智家,NA,CNY
21.33,21.41,21.08,21.17,27579700.0,600690.SH,20260910,海尔智家,NA,CNY
21.17,21.2,20.84,21.01,28319800.0,600690.SH,20260911,海尔智家,NA,CNY
21.01,21.19,20.93,21.12,23045700.0,600690.SH,20260914,海尔智家,NA,CNY
21.12,21.35,21.02,21.17,21886200.0,600690.SH,20260915,海尔智家,NA,CNY
21.2,21.23,20.62,20.76,27778500.0,600690.SH,20260916,海尔智家,NA,CNY
20.7,20.84,20.58,20.7,22605300.0,600690.SH,20260917,海尔智家,NA,CNY
20.66,21.06,20.65,20.68,27210900.0,600690.SH,20260918,海尔智家,NA,CNY
20.72,20.76,19.85,19.89,92988200.0,600690.SH,20260921,海尔智家,NA,CNY
19.89,20.29,19.72,20.2,48298700.0,600690.SH,20260922,海尔智家,NA,CNY
20.17,20.35,20.1,20.2,24645000.0,600690.SH,20260923,海尔智家,NA,CNY
20.2,20.45,20.12,20.14,21378600.0,600690.SH,20260924,海尔智家,NA,CNY
20.19,20.39,20.1,20.16,26684100.0,600690.SH,20260928,海尔智家,NA,CNY
20.21,20.37,19.96,20.21,33040100.0,600690.SH,20260929,海尔智家,NA,CNY
20.2,20.52,20.13,20.42,25219000.0,600690.SH,20260930,海尔智家,NA,CNY
